Name,Docs URL,Number of pages,Example URL,Rendering apps,User journey,Email document type,Government document type,Content Purpose Subgroup,Content Purpose Supergroup
aaib_report,https://docs.publishing.service.gov.uk/document-types/aaib_report.html,11355,https://www.gov.uk/aaib-reports/aaib-investigation-to-atr-72-212-a-g-oasb,frontend,thing,other,other,incidents,transparency
about,https://docs.publishing.service.gov.uk/document-types/about.html,1187,https://www.gov.uk/government/organisations/disclosure-and-barring-service/about,frontend,thing,other,other,other,other
about_our_services,https://docs.publishing.service.gov.uk/document-types/about_our_services.html,36,https://www.gov.uk/government/organisations/hm-passport-office/about/about-our-services,frontend,thing,other,other,other,other
access_and_opening,https://docs.publishing.service.gov.uk/document-types/access_and_opening.html,21,https://www.gov.uk/government/organisations/companies-house/about/access-and-opening,frontend,thing,other,other,other,other
accessible_documents_policy,https://docs.publishing.service.gov.uk/document-types/accessible_documents_policy.html,116,https://www.gov.uk/government/organisations/home-office/about/accessible-documents-policy,frontend,thing,other,other,other,other
ai_assurance_portfolio_technique,https://docs.publishing.service.gov.uk/document-types/ai_assurance_portfolio_technique.html,75,https://www.gov.uk/ai-assurance-techniques/newtons-trees-federated-ai-monitoring-service-famos,frontend,thing,other,other,other,other
algorithmic_transparency_record,https://docs.publishing.service.gov.uk/document-types/algorithmic_transparency_record.html,152,https://www.gov.uk/algorithmic-transparency-records/hmrc-ask-hmrc-online,frontend,thing,other,other,other,other
ambassador_role,https://docs.publishing.service.gov.uk/document-types/ambassador_role.html,0,,"",thing,other,other,other,other
animal_disease_case,https://docs.publishing.service.gov.uk/document-types/animal_disease_case.html,344,https://www.gov.uk/animal-disease-cases-england/bird-flu-regional-avian-influenza-prevention-zone-east-of-england,frontend,thing,other,other,other,other
answer,https://docs.publishing.service.gov.uk/document-types/answer.html,762,https://www.gov.uk/sign-in-childcare-account,frontend,thing,other,other,transactions,services
armed_forces_covenant_business,https://docs.publishing.service.gov.uk/document-types/armed_forces_covenant_business.html,15242,https://www.gov.uk/armed-forces-covenant-businesses/tesco-stores-limited,frontend,thing,other,other,other,other
asylum_support_decision,https://docs.publishing.service.gov.uk/document-types/asylum_support_decision.html,101,https://www.gov.uk/asylum-support-tribunal-decisions/ml-v-secretary-of-state-for-the-home-department-as-slash-25-slash-10-slash-50033,frontend,thing,other,other,decisions,news_and_communications
authored_article,https://docs.publishing.service.gov.uk/document-types/authored_article.html,571,https://www.gov.uk/government/speeches/a-definition-of-antisemitism,frontend,thing,announcements,statements,speeches_and_statements,news_and_communications
board_member_role,https://docs.publishing.service.gov.uk/document-types/board_member_role.html,0,,"",thing,other,other,other,other
business_finance_support_scheme,https://docs.publishing.service.gov.uk/document-types/business_finance_support_scheme.html,127,https://www.gov.uk/business-finance-support/growth-guarantee-scheme,frontend,thing,other,other,business_support,guidance_and_regulation
calendar,https://docs.publishing.service.gov.uk/document-types/calendar.html,2,https://www.gov.uk/bank-holidays,frontend,thing,other,other,guidance,guidance_and_regulation
call_for_evidence,https://docs.publishing.service.gov.uk/document-types/call_for_evidence.html,0,,"",thing,publications,calls-for-evidence,other,other
call_for_evidence_outcome,https://docs.publishing.service.gov.uk/document-types/call_for_evidence_outcome.html,478,https://www.gov.uk/government/calls-for-evidence/national-professional-qualifications-npqs-call-for-insights-and-evidence,frontend,thing,publications,calls-for-evidence,calls_for_evidence,policy_and_engagement
case_study,https://docs.publishing.service.gov.uk/document-types/case_study.html,2312,https://www.gov.uk/government/case-studies/reception-quality-webinar-series,frontend,thing,other,other,news,news_and_communications
chief_professional_officer_role,https://docs.publishing.service.gov.uk/document-types/chief_professional_officer_role.html,0,,"",thing,other,other,other,other
chief_scientific_advisor_role,https://docs.publishing.service.gov.uk/document-types/chief_scientific_advisor_role.html,0,,"",thing,other,other,other,other
chief_scientific_officer_role,https://docs.publishing.service.gov.uk/document-types/chief_scientific_officer_role.html,0,,"",thing,other,other,other,other
closed_call_for_evidence,https://docs.publishing.service.gov.uk/document-types/closed_call_for_evidence.html,229,https://www.gov.uk/government/calls-for-evidence/national-lottery-good-causes-fund-what-matters-to-you,frontend,thing,publications,calls-for-evidence,calls_for_evidence,policy_and_engagement
closed_consultation,https://docs.publishing.service.gov.uk/document-types/closed_consultation.html,1100,https://www.gov.uk/government/consultations/changes-to-the-funding-system-for-early-years-entitlements,frontend,thing,publications,consultations,consultations,policy_and_engagement
cma_case,https://docs.publishing.service.gov.uk/document-types/cma_case.html,2585,https://www.gov.uk/cma-cases/veterinary-services-market-for-pets-review,frontend,thing,other,other,decisions,news_and_communications
complaints_procedure,https://docs.publishing.service.gov.uk/document-types/complaints_procedure.html,296,https://www.gov.uk/government/organisations/department-for-work-pensions/about/complaints-procedure,frontend,thing,other,other,other,other
completed_transaction,https://docs.publishing.service.gov.uk/document-types/completed_transaction.html,0,,feedback,thing,other,other,transactions,services
consultation,https://docs.publishing.service.gov.uk/document-types/consultation.html,0,,"",thing,publications,consultations,other,other
consultation_outcome,https://docs.publishing.service.gov.uk/document-types/consultation_outcome.html,6329,https://www.gov.uk/government/consultations/school-food-standards-updating-the-legislative-framework,frontend,thing,publications,consultations,consultations,policy_and_engagement
contact,https://docs.publishing.service.gov.uk/document-types/contact.html,0,,"",thing,other,other,other,other
content_block_contact,https://docs.publishing.service.gov.uk/document-types/content_block_contact.html,0,,"",thing,other,other,other,other
content_block_pension,https://docs.publishing.service.gov.uk/document-types/content_block_pension.html,0,,"",thing,other,other,other,other
content_block_tax,https://docs.publishing.service.gov.uk/document-types/content_block_tax.html,0,,"",thing,other,other,other,other
content_block_time_period,https://docs.publishing.service.gov.uk/document-types/content_block_time_period.html,0,,"",thing,other,other,other,other
coronavirus_landing_page,https://docs.publishing.service.gov.uk/document-types/coronavirus_landing_page.html,1,https://www.gov.uk/coronavirus,collections,thing,other,other,other,other
corporate_report,https://docs.publishing.service.gov.uk/document-types/corporate_report.html,15738,https://www.gov.uk/government/publications/service-inquiry-into-the-death-of-a-service-person-in-an-air-accident-while-operating-with-hms-queen-elizabeth-on-4-september-2024,frontend,thing,publications,corporate-reports,transparency_data,transparency
correspondence,https://docs.publishing.service.gov.uk/document-types/correspondence.html,7328,https://www.gov.uk/government/publications/national-flu-immunisation-programme-plan-2026-to-2027,frontend,thing,publications,correspondence,speeches_and_statements,news_and_communications
countryside_stewardship_grant,https://docs.publishing.service.gov.uk/document-types/countryside_stewardship_grant.html,152,https://www.gov.uk/countryside-stewardship-grants/sheep-netting-fg2,frontend,thing,other,other,business_support,guidance_and_regulation
data_ethics_guidance_document,https://docs.publishing.service.gov.uk/document-types/data_ethics_guidance_document.html,33,https://www.gov.uk/data-ethics-guidance/the-five-safes-framework,frontend,thing,other,other,other,other
decision,https://docs.publishing.service.gov.uk/document-types/decision.html,13006,https://www.gov.uk/government/publications/suspended-licences-for-manufacturers-and-wholesalers-of-medicines,frontend,thing,publications,decisions,decisions,news_and_communications
deputy_head_of_mission_role,https://docs.publishing.service.gov.uk/document-types/deputy_head_of_mission_role.html,0,,"",thing,other,other,other,other
design_decision,https://docs.publishing.service.gov.uk/document-types/design_decision.html,135,https://www.gov.uk/designs-decisions/design-hearing-decision-o-slash-0763-slash-26,frontend,thing,other,other,other,other
detailed_guide,https://docs.publishing.service.gov.uk/document-types/detailed_guide.html,10260,https://www.gov.uk/guidance/verify-your-identity-for-companies-house,frontend,thing,other,other,guidance,guidance_and_regulation
digital_markets_measure,https://docs.publishing.service.gov.uk/document-types/digital_markets_measure.html,5,https://www.gov.uk/find-digital-markets-measures/google-search-publisher-conduct-requirement,"",thing,other,other,other,other
document_collection,https://docs.publishing.service.gov.uk/document-types/document_collection.html,6372,https://www.gov.uk/government/collections/visa-processing-times,frontend,finding,other,other,other,other
drcf_digital_markets_research,https://docs.publishing.service.gov.uk/document-types/drcf_digital_markets_research.html,131,https://www.gov.uk/find-digital-market-research/mobile-ecosystems-market-study-appendix-d-barriers-to-switching-between-mobile-operating-systems-2022-cma,frontend,thing,other,other,other,other
drug_safety_update,https://docs.publishing.service.gov.uk/document-types/drug_safety_update.html,867,https://www.gov.uk/drug-safety-update/metformin-and-reduced-vitamin-b12-levels-new-advice-for-monitoring-patients-at-risk,frontend,thing,other,other,updates_and_alerts,news_and_communications
email_alert_signup,https://docs.publishing.service.gov.uk/document-types/email_alert_signup.html,0,,email-alert-frontend,thing,other,other,other,other
embassies_index,https://docs.publishing.service.gov.uk/document-types/embassies_index.html,0,,collections,thing,other,other,other,other
employment_appeal_tribunal_decision,https://docs.publishing.service.gov.uk/document-types/employment_appeal_tribunal_decision.html,2623,https://www.gov.uk/employment-appeal-tribunal-decisions/ms-c-merriman-v-1-1st-staff-ltd-and-others-2026-eat-128,frontend,thing,other,other,decisions,news_and_communications
employment_tribunal_decision,https://docs.publishing.service.gov.uk/document-types/employment_tribunal_decision.html,134285,https://www.gov.uk/employment-tribunal-decisions/bc-v-frimley-health-nhs-foundation-trust-3301421-slash-2024,frontend,thing,other,other,decisions,news_and_communications
equality_and_diversity,https://docs.publishing.service.gov.uk/document-types/equality_and_diversity.html,62,https://www.gov.uk/government/organisations/home-office/about/equality-and-diversity,frontend,thing,other,other,other,other
esi_fund,https://docs.publishing.service.gov.uk/document-types/esi_fund.html,1415,https://www.gov.uk/european-structural-investment-funds/rural-tourism-infrastructure,frontend,thing,other,other,business_support,guidance_and_regulation
export_health_certificate,https://docs.publishing.service.gov.uk/document-types/export_health_certificate.html,2132,https://www.gov.uk/export-health-certificates/export-cats-and-dogs-to-the-united-arab-emirates-uae-certificate-3926,frontend,thing,other,other,other,other
external_content,https://docs.publishing.service.gov.uk/document-types/external_content.html,461,https://www.gov.ukhttps://www.cherwell.gov.uk/,"",thing,other,other,other,other
facet,https://docs.publishing.service.gov.uk/document-types/facet.html,0,,"",thing,other,other,other,other
farming_grant,https://docs.publishing.service.gov.uk/document-types/farming_grant.html,203,https://www.gov.uk/find-funding-for-land-or-farms/clig3-manage-grassland-with-very-low-nutrient-inputs,frontend,thing,other,other,other,other
fatality_notice,https://docs.publishing.service.gov.uk/document-types/fatality_notice.html,512,https://www.gov.uk/government/fatalities/ministry-of-defence-confirms-the-death-of-major-paul-wilks,frontend,thing,announcements,fatality-notices,news,news_and_communications
field_of_operation,https://docs.publishing.service.gov.uk/document-types/field_of_operation.html,5,https://www.gov.uk/government/fields-of-operation/afghanistan,frontend,thing,other,other,other,other
fields_of_operation,https://docs.publishing.service.gov.uk/document-types/fields_of_operation.html,0,,frontend,thing,other,other,other,other
finder,https://docs.publishing.service.gov.uk/document-types/finder.html,57,https://www.gov.uk/search/all,"collections, finder-frontend",finding,other,other,other,other
finder_email_signup,https://docs.publishing.service.gov.uk/document-types/finder_email_signup.html,0,,finder-frontend,thing,other,other,other,other
flood_and_coastal_erosion_risk_management_research_report,https://docs.publishing.service.gov.uk/document-types/flood_and_coastal_erosion_risk_management_research_report.html,398,https://www.gov.uk/flood-and-coastal-erosion-risk-management-research-reports/working-with-natural-processes-to-reduce-flood-risk-2024,frontend,thing,other,other,other,other
foi_release,https://docs.publishing.service.gov.uk/document-types/foi_release.html,12187,https://www.gov.uk/government/publications/registered-sex-offenders,frontend,thing,publications,foi-releases,freedom_of_information_releases,transparency
form,https://docs.publishing.service.gov.uk/document-types/form.html,4917,https://www.gov.uk/government/publications/application-for-a-vehicle-registration-certificate,frontend,thing,publications,forms,transactions,services
get_involved,https://docs.publishing.service.gov.uk/document-types/get_involved.html,0,,"",thing,other,other,other,other
gone,https://docs.publishing.service.gov.uk/document-types/gone.html,0,,frontend,thing,other,other,other,other
government,https://docs.publishing.service.gov.uk/document-types/government.html,0,,frontend,thing,other,other,other,other
government_response,https://docs.publishing.service.gov.uk/document-types/government_response.html,633,https://www.gov.uk/government/news/new-child-car-seat-rules-no-change-for-existing-booster-seats,frontend,thing,announcements,government-responses,speeches_and_statements,news_and_communications
governor_role,https://docs.publishing.service.gov.uk/document-types/governor_role.html,0,,"",thing,other,other,other,other
guidance,https://docs.publishing.service.gov.uk/document-types/guidance.html,25304,https://www.gov.uk/government/publications/register-of-licensed-sponsors-workers,frontend,thing,publications,guidance,guidance,guidance_and_regulation
guide,https://docs.publishing.service.gov.uk/document-types/guide.html,859,https://www.gov.uk/log-in-register-hmrc-online-services,frontend,thing,other,other,transactions,services
help_page,https://docs.publishing.service.gov.uk/document-types/help_page.html,11,https://www.gov.uk/sign-in,frontend,thing,other,other,other,other
high_commissioner_role,https://docs.publishing.service.gov.uk/document-types/high_commissioner_role.html,0,,"",thing,other,other,other,other
historic_appointment,https://docs.publishing.service.gov.uk/document-types/historic_appointment.html,0,,collections,thing,other,other,other,other
historic_appointments,https://docs.publishing.service.gov.uk/document-types/historic_appointments.html,0,,collections,thing,other,other,other,other
history,https://docs.publishing.service.gov.uk/document-types/history.html,7,https://www.gov.uk/government/history,frontend,thing,other,other,other,other
hmrc_contact,https://docs.publishing.service.gov.uk/document-types/hmrc_contact.html,126,https://www.gov.uk/find-hmrc-contacts/income-tax-enquiries,frontend,thing,other,other,other,other
hmrc_manual,https://docs.publishing.service.gov.uk/document-types/hmrc_manual.html,253,https://www.gov.uk/hmrc-internal-manuals/capital-gains-manual,frontend,thing,other,other,guidance,guidance_and_regulation
hmrc_manual_section,https://docs.publishing.service.gov.uk/document-types/hmrc_manual_section.html,85621,https://www.gov.uk/hmrc-internal-manuals/international-exchange-of-information/ieim902330,frontend,thing,other,other,other,other
homepage,https://docs.publishing.service.gov.uk/document-types/homepage.html,0,,frontend,finding,other,other,other,other
how_government_works,https://docs.publishing.service.gov.uk/document-types/how_government_works.html,0,,frontend,thing,other,other,other,other
html_publication,https://docs.publishing.service.gov.uk/document-types/html_publication.html,0,,frontend,thing,other,other,other,other
impact_assessment,https://docs.publishing.service.gov.uk/document-types/impact_assessment.html,1944,https://www.gov.uk/government/publications/health-bill-abolishing-nhs-england-impact-assessment,frontend,thing,publications,impact-assessments,policy,policy_and_engagement
independent_report,https://docs.publishing.service.gov.uk/document-types/independent_report.html,4394,https://www.gov.uk/government/publications/thirlwall-inquiry-report,frontend,thing,publications,independent-reports,research,research_and_statistics
international_development_fund,https://docs.publishing.service.gov.uk/document-types/international_development_fund.html,144,https://www.gov.uk/international-development-funding/sudan-stability-programme-ssp-call-for-expressions-of-interest,frontend,thing,other,other,business_support,guidance_and_regulation
international_treaty,https://docs.publishing.service.gov.uk/document-types/international_treaty.html,1715,https://www.gov.uk/government/publications/usa-tax-treaties,frontend,thing,publications,international-treaties,guidance,guidance_and_regulation
landing_page,https://docs.publishing.service.gov.uk/document-types/landing_page.html,0,,frontend,thing,other,other,other,other
licence,https://docs.publishing.service.gov.uk/document-types/licence.html,0,,"",thing,other,other,transactions,services
licence_transaction,https://docs.publishing.service.gov.uk/document-types/licence_transaction.html,452,https://www.gov.uk/find-licences/tv-licence,frontend,thing,other,other,other,other
license_finder,https://docs.publishing.service.gov.uk/document-types/license_finder.html,0,,"",finding,other,other,other,other
life_saving_maritime_appliance_service_station,https://docs.publishing.service.gov.uk/document-types/life_saving_maritime_appliance_service_station.html,42,https://www.gov.uk/service-life-saving-maritime-appliances/marine-safety-supplies-ltd,frontend,thing,other,other,other,other
link_collection,https://docs.publishing.service.gov.uk/document-types/link_collection.html,0,,"",thing,other,other,other,other
local_transaction,https://docs.publishing.service.gov.uk/document-types/local_transaction.html,118,https://www.gov.uk/apply-free-school-meals,frontend,thing,other,other,transactions,services
maib_report,https://docs.publishing.service.gov.uk/document-types/maib_report.html,1104,https://www.gov.uk/maib-reports/contact-of-the-roll-on-slash-roll-off-passenger-ferry-stena-estrid-with-a-jetty-resulting-in-a-hull-puncture-and-engine-room-flooding,frontend,thing,other,other,incidents,transparency
mainstream_browse_page,https://docs.publishing.service.gov.uk/document-types/mainstream_browse_page.html,160,https://www.gov.uk/browse/visas-immigration,collections,finding,other,other,other,other
manual,https://docs.publishing.service.gov.uk/document-types/manual.html,174,https://www.gov.uk/guidance/mot-inspection-manual-for-private-passenger-and-light-commercial-vehicles,frontend,thing,other,other,guidance,guidance_and_regulation
manual_section,https://docs.publishing.service.gov.uk/document-types/manual_section.html,2660,https://www.gov.uk/guidance/immigration-rules/immigration-rules-appendix-skilled-occupations,frontend,thing,other,other,guidance,guidance_and_regulation
map,https://docs.publishing.service.gov.uk/document-types/map.html,428,https://www.gov.uk/government/publications/england-coast-path-overview-of-progress,frontend,thing,publications,maps,guidance,guidance_and_regulation
marine_equipment_approved_recommendation,https://docs.publishing.service.gov.uk/document-types/marine_equipment_approved_recommendation.html,108,https://www.gov.uk/marine-equipment-approved-recommendations/compatibility-of-lifejackets-with-marine-evacuation-systems-mes-uk21-slash-l008,frontend,thing,other,other,other,other
marine_notice,https://docs.publishing.service.gov.uk/document-types/marine_notice.html,0,,"",thing,other,other,other,other
media_enquiries,https://docs.publishing.service.gov.uk/document-types/media_enquiries.html,74,https://www.gov.uk/government/organisations/home-office/about/media-enquiries,frontend,thing,other,other,other,other
medical_safety_alert,https://docs.publishing.service.gov.uk/document-types/medical_safety_alert.html,1446,https://www.gov.uk/drug-device-alerts/national-patient-safety-alert-patient-hoists-and-slings-all-types-risk-of-death-and-serious-harm-from-falls-natpsa-slash-2026-slash-005-slash-mhra,frontend,thing,other,other,updates_and_alerts,news_and_communications
membership,https://docs.publishing.service.gov.uk/document-types/membership.html,53,https://www.gov.uk/government/organisations/commission-on-human-medicines/about/membership,frontend,thing,other,other,other,other
military_role,https://docs.publishing.service.gov.uk/document-types/military_role.html,0,,"",thing,other,other,other,other
mini_site_landing,https://docs.publishing.service.gov.uk/document-types/mini_site_landing.html,0,,"",thing,other,other,other,other
ministerial_role,https://docs.publishing.service.gov.uk/document-types/ministerial_role.html,1062,https://www.gov.uk/government/ministers/prime-minister,collections,thing,other,other,other,other
ministers_index,https://docs.publishing.service.gov.uk/document-types/ministers_index.html,0,,collections,thing,other,other,other,other
modern_slavery_statement,https://docs.publishing.service.gov.uk/document-types/modern_slavery_statement.html,26,https://www.gov.uk/government/organisations/department-for-work-pensions/about/modern-slavery-statement,frontend,thing,other,other,other,other
national,https://docs.publishing.service.gov.uk/document-types/national.html,0,,"",thing,other,other,other,other
national_statistics,https://docs.publishing.service.gov.uk/document-types/national_statistics.html,18403,https://www.gov.uk/government/statistics/weekly-road-fuel-prices,frontend,thing,publications,statistics,statistics,research_and_statistics
national_statistics_announcement,https://docs.publishing.service.gov.uk/document-types/national_statistics_announcement.html,2655,https://www.gov.uk/government/statistics/announcements/consumer-price-inflation-uk-september-2026,frontend,thing,other,other,statistics,research_and_statistics
news_story,https://docs.publishing.service.gov.uk/document-types/news_story.html,50859,https://www.gov.uk/government/news/magistrates-court-listings-now-published-online,frontend,thing,announcements,news-stories,news,news_and_communications
notice,https://docs.publishing.service.gov.uk/document-types/notice.html,6249,https://www.gov.uk/government/publications/heat-pump-ready-programme-apply-for-stream-3-opportunities,frontend,thing,publications,notices,guidance,guidance_and_regulation
official,https://docs.publishing.service.gov.uk/document-types/official.html,0,,"",thing,other,other,other,other
official_statistics,https://docs.publishing.service.gov.uk/document-types/official_statistics.html,23233,https://www.gov.uk/government/statistics/pupil-attendance-in-schools,frontend,thing,publications,statistics,statistics,research_and_statistics
official_statistics_announcement,https://docs.publishing.service.gov.uk/document-types/official_statistics_announcement.html,5089,https://www.gov.uk/government/statistics/announcements/multiplication-tables-check-attainment-2026,frontend,thing,other,other,statistics,research_and_statistics
open_call_for_evidence,https://docs.publishing.service.gov.uk/document-types/open_call_for_evidence.html,14,https://www.gov.uk/government/calls-for-evidence/vision-for-an-ai-enabled-clean-energy-system,frontend,thing,publications,calls-for-evidence,calls_for_evidence,policy_and_engagement
open_consultation,https://docs.publishing.service.gov.uk/document-types/open_consultation.html,51,https://www.gov.uk/government/consultations/fireworks-and-pyrotechnics-in-the-uk,frontend,thing,publications,consultations,consultations,policy_and_engagement
oral_statement,https://docs.publishing.service.gov.uk/document-types/oral_statement.html,952,https://www.gov.uk/government/speeches/government-response-to-the-thirlwall-inquiry,frontend,thing,announcements,statements,speeches_and_statements,news_and_communications
organisation,https://docs.publishing.service.gov.uk/document-types/organisation.html,1265,https://www.gov.uk/government/organisations/companies-house,collections,finding,other,other,other,other
our_energy_use,https://docs.publishing.service.gov.uk/document-types/our_energy_use.html,18,https://www.gov.uk/government/organisations/department-for-work-pensions/about/our-energy-use,frontend,thing,other,other,other,other
our_governance,https://docs.publishing.service.gov.uk/document-types/our_governance.html,140,https://www.gov.uk/government/organisations/department-for-environment-food-rural-affairs/about/our-governance,frontend,thing,other,other,other,other
patent_decision,https://docs.publishing.service.gov.uk/document-types/patent_decision.html,0,,"",thing,other,other,other,other
person,https://docs.publishing.service.gov.uk/document-types/person.html,6094,https://www.gov.uk/government/people/andy-burnham,collections,thing,other,other,other,other
personal_information_charter,https://docs.publishing.service.gov.uk/document-types/personal_information_charter.html,137,https://www.gov.uk/government/organisations/department-for-work-pensions/about/personal-information-charter,frontend,thing,other,other,other,other
petitions_and_campaigns,https://docs.publishing.service.gov.uk/document-types/petitions_and_campaigns.html,0,,frontend,thing,other,other,other,other
place,https://docs.publishing.service.gov.uk/document-types/place.html,24,https://www.gov.uk/register-offices,frontend,thing,other,other,transactions,services
policy_paper,https://docs.publishing.service.gov.uk/document-types/policy_paper.html,15144,https://www.gov.uk/government/publications/10-year-health-plan-for-england-fit-for-the-future,frontend,thing,publications,policy-papers,policy,policy_and_engagement
press_release,https://docs.publishing.service.gov.uk/document-types/press_release.html,46276,https://www.gov.uk/government/news/your-cancellations-covered-new-scheme-to-help-stranded-rail-passengers-arrives-this-weekend,frontend,thing,announcements,press-releases,news,news_and_communications
procurement,https://docs.publishing.service.gov.uk/document-types/procurement.html,71,https://www.gov.uk/government/organisations/ministry-of-defence/about/procurement,frontend,thing,other,other,other,other
product_safety_alert_report_recall,https://docs.publishing.service.gov.uk/document-types/product_safety_alert_report_recall.html,3730,https://www.gov.uk/product-safety-alerts-reports-recalls/product-safety-report-aoowu-mermaid-princess-dress-sold-via-amazon-2609-0006,frontend,thing,other,other,other,other
promotional,https://docs.publishing.service.gov.uk/document-types/promotional.html,976,https://www.gov.uk/government/publications/view-and-prove-your-immigration-status-evisa,frontend,thing,publications,promotional-material,guidance,guidance_and_regulation
protected_food_drink_name,https://docs.publishing.service.gov.uk/document-types/protected_food_drink_name.html,5498,https://www.gov.uk/protected-food-drink-names/english-whisky-slash-english-whiskey,frontend,thing,other,other,other,other
publication_scheme,https://docs.publishing.service.gov.uk/document-types/publication_scheme.html,106,https://www.gov.uk/government/organisations/ministry-of-defence/about/publication-scheme,frontend,thing,other,other,other,other
raib_report,https://docs.publishing.service.gov.uk/document-types/raib_report.html,602,https://www.gov.uk/raib-reports/safety-digest-06-slash-2026-queens-park,frontend,thing,other,other,incidents,transparency
recruitment,https://docs.publishing.service.gov.uk/document-types/recruitment.html,287,https://www.gov.uk/world/organisations/british-embassy-cairo/about/recruitment,frontend,thing,other,other,other,other
redirect,https://docs.publishing.service.gov.uk/document-types/redirect.html,0,,"",thing,other,other,other,other
regulation,https://docs.publishing.service.gov.uk/document-types/regulation.html,813,https://www.gov.uk/government/publications/model-articles-for-private-companies-limited-by-shares,frontend,thing,publications,regulations,regulation,guidance_and_regulation
research,https://docs.publishing.service.gov.uk/document-types/research.html,17919,https://www.gov.uk/government/publications/the-national-minimum-wage-in-2026,frontend,thing,publications,research-and-analysis,research,research_and_statistics
research_for_development_output,https://docs.publishing.service.gov.uk/document-types/research_for_development_output.html,37166,https://www.gov.uk/research-for-development-outputs/fair-society-healthy-lives-the-marmot-review-strategic-review-of-health-inequalities-in-england-post-2010,frontend,thing,other,other,other,other
residential_property_tribunal_decision,https://docs.publishing.service.gov.uk/document-types/residential_property_tribunal_decision.html,18234,https://www.gov.uk/residential-property-tribunal-decisions/44-lever-street-radcliffe-manchester-m26-4pa-man-slash-00bm-slash-mra-slash-2026-slash-0049,frontend,thing,other,other,other,other
role_appointment,https://docs.publishing.service.gov.uk/document-types/role_appointment.html,0,,"",thing,other,other,other,other
search,https://docs.publishing.service.gov.uk/document-types/search.html,0,,finder-frontend,finding,other,other,other,other
service_manual_guide,https://docs.publishing.service.gov.uk/document-types/service_manual_guide.html,189,https://www.gov.uk/service-manual/helping-people-to-use-your-service/understanding-wcag,frontend,thing,other,other,other,other
service_manual_homepage,https://docs.publishing.service.gov.uk/document-types/service_manual_homepage.html,1,https://www.gov.uk/service-manual,frontend,finding,other,other,other,other
service_manual_service_standard,https://docs.publishing.service.gov.uk/document-types/service_manual_service_standard.html,1,https://www.gov.uk/service-manual/service-standard,frontend,thing,other,other,other,other
service_manual_service_toolkit,https://docs.publishing.service.gov.uk/document-types/service_manual_service_toolkit.html,1,https://www.gov.uk/service-toolkit,frontend,thing,other,other,other,other
service_manual_topic,https://docs.publishing.service.gov.uk/document-types/service_manual_topic.html,10,https://www.gov.uk/service-manual/agile-delivery,frontend,finding,other,other,other,other
service_standard_report,https://docs.publishing.service.gov.uk/document-types/service_standard_report.html,490,https://www.gov.uk/service-standard-reports/one-customer-view-get-a-proof-of-benefit-letter,frontend,thing,other,other,decisions,news_and_communications
services_and_information,https://docs.publishing.service.gov.uk/document-types/services_and_information.html,0,,collections,finding,other,other,other,other
sfo_case,https://docs.publishing.service.gov.uk/document-types/sfo_case.html,29,https://www.gov.uk/sfo-cases/raedex-consortium,frontend,thing,other,other,other,other
simple_smart_answer,https://docs.publishing.service.gov.uk/document-types/simple_smart_answer.html,38,https://www.gov.uk/sold-bought-vehicle,frontend,thing,other,other,transactions,services
smart_answer,https://docs.publishing.service.gov.uk/document-types/smart_answer.html,29,https://www.gov.uk/check-uk-visa,smartanswers,thing,other,other,transactions,services
social_media_use,https://docs.publishing.service.gov.uk/document-types/social_media_use.html,56,https://www.gov.uk/government/organisations/hm-revenue-customs/about/social-media-use,frontend,thing,other,other,other,other
special_representative_role,https://docs.publishing.service.gov.uk/document-types/special_representative_role.html,0,,"",thing,other,other,other,other
special_route,https://docs.publishing.service.gov.uk/document-types/special_route.html,3,https://www.gov.uk/find-local-council,"account-api, collections, content-store, email-alert-frontend, email-campaign-frontend, feedback, finder-frontend, frontend, licensify, search-api",thing,other,other,other,other
speech,https://docs.publishing.service.gov.uk/document-types/speech.html,13407,https://www.gov.uk/government/speeches/battle-for-the-atlantic,frontend,thing,announcements,speeches,speeches_and_statements,news_and_communications
staff_update,https://docs.publishing.service.gov.uk/document-types/staff_update.html,12,https://www.gov.uk/government/organisations/sellafield-ltd/about/staff-update,frontend,thing,other,other,other,other
standard,https://docs.publishing.service.gov.uk/document-types/standard.html,59,https://www.gov.uk/government/publications/rent-standard-2026,frontend,thing,other,other,guidance,guidance_and_regulation
statistical_data_set,https://docs.publishing.service.gov.uk/document-types/statistical_data_set.html,1236,https://www.gov.uk/government/statistical-data-sets/unclaimed-estates-list,frontend,thing,publications,statistics,statistics,research_and_statistics
statistics,https://docs.publishing.service.gov.uk/document-types/statistics.html,37,https://www.gov.uk/government/organisations/department-for-education/about/statistics,frontend,thing,other,other,statistics,research_and_statistics
statistics_announcement,https://docs.publishing.service.gov.uk/document-types/statistics_announcement.html,0,,"",thing,other,other,statistics,research_and_statistics
statutory_guidance,https://docs.publishing.service.gov.uk/document-types/statutory_guidance.html,1301,https://www.gov.uk/government/publications/keeping-children-safe-in-education--2,frontend,thing,publications,guidance,guidance,guidance_and_regulation
statutory_instrument,https://docs.publishing.service.gov.uk/document-types/statutory_instrument.html,361,https://www.gov.uk/eu-withdrawal-act-2018-statutory-instruments/the-capital-requirements-regulation-amendment-eu-exit-regulations-2021,frontend,thing,other,other,regulation,guidance_and_regulation
step_by_step_nav,https://docs.publishing.service.gov.uk/document-types/step_by_step_nav.html,42,https://www.gov.uk/tell-dvla-changed-address,collections,thing,other,other,transactions,services
substitute,https://docs.publishing.service.gov.uk/document-types/substitute.html,0,,"",thing,other,other,other,other
take_part,https://docs.publishing.service.gov.uk/document-types/take_part.html,0,,"",thing,other,other,other,other
tax_tribunal_decision,https://docs.publishing.service.gov.uk/document-types/tax_tribunal_decision.html,1443,https://www.gov.uk/tax-and-chancery-tribunal-decisions/robin-crispin-odey-v-the-financial-conduct-authority-2026-ukut-00351-tcc,frontend,thing,other,other,decisions,news_and_communications
taxon,https://docs.publishing.service.gov.uk/document-types/taxon.html,224,https://www.gov.uk/world/australia,collections,finding,other,other,other,other
terms_of_reference,https://docs.publishing.service.gov.uk/document-types/terms_of_reference.html,52,https://www.gov.uk/government/organisations/advisory-committee-on-releases-to-the-environment/about/terms-of-reference,frontend,thing,other,other,other,other
topical_event,https://docs.publishing.service.gov.uk/document-types/topical_event.html,146,https://www.gov.uk/government/topical-events/russian-invasion-of-ukraine-uk-government-response,frontend,finding,other,other,other,other
topical_event_about_page,https://docs.publishing.service.gov.uk/document-types/topical_event_about_page.html,0,,frontend,thing,other,other,other,other
trademark_decision,https://docs.publishing.service.gov.uk/document-types/trademark_decision.html,0,,"",thing,other,other,other,other
traffic_commissioner_regulatory_decision,https://docs.publishing.service.gov.uk/document-types/traffic_commissioner_regulatory_decision.html,222,https://www.gov.uk/traffic-commissioner-regulatory-decisions/decision-for-city-transport-operations-ltd-formerly-a-and-a-coach-travel-ltd-pb2024186,frontend,thing,other,other,other,other
traffic_commissioner_role,https://docs.publishing.service.gov.uk/document-types/traffic_commissioner_role.html,0,,"",thing,other,other,other,other
transaction,https://docs.publishing.service.gov.uk/document-types/transaction.html,239,https://www.gov.uk/sign-in-universal-credit,frontend,thing,other,other,transactions,services
transparency,https://docs.publishing.service.gov.uk/document-types/transparency.html,22501,https://www.gov.uk/government/publications/migrants-detected-crossing-the-english-channel-in-small-boats,frontend,thing,publications,transparency-data,transparency_data,transparency
travel_advice,https://docs.publishing.service.gov.uk/document-types/travel_advice.html,226,https://www.gov.uk/foreign-travel-advice/united-arab-emirates,frontend,thing,other,other,guidance,guidance_and_regulation
travel_advice_index,https://docs.publishing.service.gov.uk/document-types/travel_advice_index.html,1,https://www.gov.uk/foreign-travel-advice,frontend,thing,other,other,other,other
ukhsa_chemical_hazard,https://docs.publishing.service.gov.uk/document-types/ukhsa_chemical_hazard.html,0,,"",thing,other,other,other,other
ukhsa_data_access_approval,https://docs.publishing.service.gov.uk/document-types/ukhsa_data_access_approval.html,14,https://www.gov.uk/data-access-approvals-register/1920-251-the-clinical-and-cost-effectiveness-of-testing-for-group-b-streptococcus-in-pregnancy-a-cluster-randomised-trial-with-economic-and-acceptability-evaluations-gbs3,frontend,thing,other,other,other,other
utaac_decision,https://docs.publishing.service.gov.uk/document-types/utaac_decision.html,2082,https://www.gov.uk/administrative-appeals-tribunal-decisions/michael-monaghan-v-secretary-of-state-for-work-and-pensions-uc-2026-ukut-325-aac,frontend,thing,other,other,decisions,news_and_communications
vanish,https://docs.publishing.service.gov.uk/document-types/vanish.html,0,,"",thing,other,other,other,other
veterans_support_organisation,https://docs.publishing.service.gov.uk/document-types/veterans_support_organisation.html,147,https://www.gov.uk/veteran-support-organisations/access-your-local-gp,frontend,thing,other,other,other,other
welsh_language_scheme,https://docs.publishing.service.gov.uk/document-types/welsh_language_scheme.html,29,https://www.gov.uk/government/organisations/intellectual-property-office/about/welsh-language-scheme,frontend,thing,other,other,other,other
working_group,https://docs.publishing.service.gov.uk/document-types/working_group.html,887,https://www.gov.uk/government/groups/national-maternity-and-neonatal-taskforce,frontend,thing,other,other,other,other
world_index,https://docs.publishing.service.gov.uk/document-types/world_index.html,0,,collections,thing,other,other,other,other
world_location,https://docs.publishing.service.gov.uk/document-types/world_location.html,0,,"",thing,other,other,other,other
world_location_news,https://docs.publishing.service.gov.uk/document-types/world_location_news.html,239,https://www.gov.uk/world/russia/news,collections,thing,other,other,other,other
world_news_story,https://docs.publishing.service.gov.uk/document-types/world_news_story.html,15682,https://www.gov.uk/government/news/new-contact-details-for-uk-visa-and-immigration-enquiries,frontend,thing,announcements,other,news,news_and_communications
worldwide_office,https://docs.publishing.service.gov.uk/document-types/worldwide_office.html,0,,frontend,thing,other,other,other,other
worldwide_office_staff_role,https://docs.publishing.service.gov.uk/document-types/worldwide_office_staff_role.html,0,,"",thing,other,other,other,other
worldwide_organisation,https://docs.publishing.service.gov.uk/document-types/worldwide_organisation.html,411,https://www.gov.uk/world/organisations/british-consulate-general-sao-paulo,frontend,thing,other,other,other,other
written_statement,https://docs.publishing.service.gov.uk/document-types/written_statement.html,2186,https://www.gov.uk/government/speeches/2-bus-fares-from-january-2027,frontend,thing,announcements,statements,speeches_and_statements,news_and_communications

